method,n_anomalies,n_total,time_s
IsolationForest,30,3000,0.5421912670135498
LOF,30,3000,0.14908099174499512
OneClassSVM,28,3000,0.05012345314025879
DBSCAN,32,3000,0.3725121021270752
