method,n_anomalies,n_total,time_s
IsolationForest,30,3000,0.9912657737731934
LOF,30,3000,0.30208635330200195
OneClassSVM,28,3000,0.34147047996520996
DBSCAN,32,3000,0.6045114994049072
