method,n_anomalies,n_total,time_s
IsolationForest,30,3000,0.6251473426818848
LOF,30,3000,0.26987481117248535
OneClassSVM,28,3000,0.09979939460754395
DBSCAN,32,3000,0.5214941501617432
