method,n_anomalies,mean_duration,mean_charge
IsolationForest,30,2450.7,622.8072
LOF,30,105.86666666666666,21.910333333333327
OneClassSVM,28,2324.535714285714,586.3398928571427
DBSCAN,32,3082.09375,686.142
